day,date,rank,temp
116,1872-04-26,1,85
163,1872-06-12,3,93
182,1872-07-01,1,98
221,1872-08-09,2,95
251,1872-09-08,2,95
196,1873-07-15,3,96
215,1873-08-03,2,96
271,1873-09-28,1,90
22,1874-01-23,2,60
180,1874-06-29,2,98
0,1876-01-01,0,70
1,1876-01-02,1,64
65,1876-03-06,2,64
66,1876-03-07,2,68
194,1876-07-13,1,96
219,1876-08-07,1,96
306,1876-11-02,3,75
152,1877-06-01,3,92
37,1878-02-07,2,56
38,1878-02-08,3,55
66,1878-03-07,3,67
69,1878-03-10,0,71
123,1878-05-03,3,85
263,1878-09-20,3,86
134,1879-05-14,0,86
152,1879-06-01,0,96
281,1879-10-08,0,88
27,1880-01-28,2,59
48,1880-02-18,1,63
57,1880-02-27,3,61
59,1880-02-29,1,64
63,1880-03-04,2,62
64,1880-03-05,0,72
124,1880-05-04,1,88
129,1880-05-09,2,90
130,1880-05-10,3,92
146,1880-05-26,0,97
147,1880-05-27,0,96
191,1880-07-10,0,101
235,1880-08-23,0,96
248,1880-09-05,0,93
249,1880-09-06,3,92
114,1881-04-24,2,80
131,1881-05-11,2,90
147,1881-05-27,2,91
150,1881-05-30,3,90
242,1881-08-30,3,93
243,1881-08-31,1,97
244,1881-09-01,0,96
250,1881-09-07,0,102
269,1881-09-26,0,95
271,1881-09-28,0,90
274,1881-10-01,0,90
286,1881-10-13,3,82
313,1881-11-09,3,71
334,1881-11-30,1,68
348,1881-12-14,0,66
45,1882-02-15,2,60
46,1882-02-16,1,60
205,1882-07-24,2,95
206,1882-07-25,0,96
208,1882-07-27,0,98
262,1882-09-19,2,88
263,1882-09-20,2,87
281,1882-10-08,2,83
47,1883-02-17,3,60
187,1883-07-06,2,96
188,1883-07-07,1,96
287,1883-10-14,3,79
326,1883-11-22,2,69
36,1884-02-06,1,56
43,1884-02-13,3,58
44,1884-02-14,1,59
169,1884-06-18,3,92
230,1884-08-18,3,94
247,1884-09-04,1,94
253,1884-09-10,2,94
364,1884-12-30,1,62
365,1884-12-31,3,62
0,1885-01-01,3,60
114,1885-04-24,1,82
317,1885-11-13,0,69
343,1885-12-09,2,63
39,1886-02-09,3,55
113,1886-04-23,3,84
28,1887-01-29,2,56
100,1887-04-10,1,80
101,1887-04-11,2,75
331,1887-11-27,2,67
332,1887-11-28,2,68
174,1888-06-23,0,96
360,1888-12-26,3,59
361,1888-12-27,3,57
8,1889-01-09,2,60
16,1889-01-17,1,58
129,1889-05-09,1,90
138,1889-05-18,2,90
343,1889-12-09,3,62
354,1889-12-20,3,58
359,1889-12-25,0,65
1,1890-01-02,0,66
5,1890-01-06,3,60
12,1890-01-13,2,61
15,1890-01-16,2,57
19,1890-01-20,3,58
35,1890-02-05,2,64
38,1890-02-08,1,63
71,1890-03-12,3,68
212,1890-07-31,3,95
55,1891-02-25,3,62
167,1891-06-16,0,96
261,1891-09-18,2,90
304,1891-10-31,2,74
357,1891-12-23,2,64
93,1892-04-03,0,77
153,1892-06-02,3,91
165,1892-06-14,0,96
207,1892-07-26,2,96
297,1893-10-24,3,75
64,1894-03-05,3,65
65,1894-03-06,0,70
78,1894-03-19,2,70
122,1894-05-02,3,88
162,1894-06-11,3,93
168,1894-06-17,0,95
174,1894-06-23,3,94
194,1894-07-13,0,97
209,1894-07-28,2,97
127,1895-05-07,3,87
128,1895-05-08,1,87
131,1895-05-11,1,90
153,1895-06-02,0,96
264,1895-09-21,0,94
265,1895-09-22,0,94
266,1895-09-23,0,96
312,1895-11-08,3,72
330,1895-11-26,1,67
353,1895-12-19,1,61
354,1895-12-20,2,61
361,1895-12-27,1,60
365,1895-12-31,1,64
103,1896-04-13,1,84
105,1896-04-15,0,82
108,1896-04-18,1,83
130,1896-05-10,1,94
222,1896-08-10,2,95
304,1896-10-31,1,76
321,1896-11-17,2,71
331,1896-11-27,0,72
332,1896-11-28,1,68
114,1897-04-24,3,79
115,1897-04-25,2,81
253,1897-09-10,1,94
274,1897-10-01,3,86
288,1897-10-15,0,86
289,1897-10-16,0,88
344,1897-12-10,1,64
40,1898-02-10,1,59
184,1898-07-03,2,99
236,1898-08-24,1,94
273,1898-09-30,3,83
276,1898-10-03,3,83
277,1898-10-04,3,85
115,1899-04-25,3,80
121,1899-05-01,0,89
157,1899-06-06,3,93
165,1899-06-14,2,92
298,1899-10-25,2,75
299,1899-10-26,2,74
346,1899-12-12,2,66
353,1899-12-19,0,64
43,1900-02-13,1,60
135,1900-05-15,0,93
199,1900-07-18,3,97
223,1900-08-11,2,95
238,1900-08-26,1,97
296,1900-10-23,1,80
297,1900-10-24,0,80
358,1900-12-24,3,59
179,1901-06-28,2,97
348,1901-12-14,1,64
349,1901-12-15,3,62
363,1901-12-29,2,60
60,1902-03-01,3,62
71,1902-03-12,1,69
154,1902-06-03,3,92
58,1903-02-28,1,62
78,1903-03-19,1,72
79,1903-03-20,2,76
119,1903-04-29,3,83
120,1903-04-30,3,83
138,1903-05-18,3,88
257,1903-09-14,2,91
20,1906-01-21,0,68
21,1906-01-22,1,63
22,1906-01-23,0,68
23,1906-01-24,2,60
51,1906-02-21,1,63
218,1906-08-06,3,93
231,1906-08-19,3,92
261,1906-09-18,1,90
19,1907-01-20,2,58
169,1907-06-18,1,94
344,1907-12-10,0,64
45,1908-02-15,1,60
113,1908-04-23,1,85
116,1908-04-26,3,84
193,1908-07-12,0,97
291,1908-10-18,1,80
335,1908-12-01,2,67
4,1909-01-05,3,60
21,1909-01-22,3,59
36,1909-02-06,0,57
40,1909-02-10,2,58
97,1909-04-07,3,76
109,1909-04-19,3,83
134,1909-05-14,3,81
316,1909-11-12,0,76
46,1910-02-16,0,60
84,1910-03-25,1,78
88,1910-03-29,3,76
96,1910-04-06,2,78
192,1910-07-11,2,94
278,1910-10-05,1,85
279,1910-10-06,3,85
292,1910-10-19,3,79
56,1911-02-26,3,56
142,1911-05-22,3,92
183,1911-07-02,3,96
184,1911-07-03,0,102
185,1911-07-04,0,104
187,1911-07-06,0,101
191,1911-07-10,2,98
192,1911-07-11,0,100
193,1911-07-12,2,96
345,1911-12-11,0,68
346,1911-12-12,1,68
153,1912-06-02,2,92
190,1912-07-09,1,99
191,1912-07-10,3,97
280,1912-10-07,3,86
325,1912-11-21,3,68
340,1912-12-06,2,69
364,1912-12-30,3,58
2,1913-01-03,1,62
5,1913-01-06,1,62
11,1913-01-12,3,61
16,1913-01-17,0,59
20,1913-01-21,2,59
30,1913-01-31,0,62
74,1913-03-15,2,66
80,1913-03-21,2,68
83,1913-03-24,3,68
84,1913-03-25,2,73
229,1913-08-17,3,96
327,1913-11-23,1,71
29,1914-01-30,0,63
34,1914-02-04,3,56
86,1914-03-27,2,74
109,1914-04-19,0,87
146,1914-05-26,3,93
147,1914-05-27,1,95
264,1914-09-21,1,90
266,1914-09-23,1,94
267,1914-09-24,1,87
276,1914-10-03,2,83
284,1914-10-11,2,81
6,1915-01-07,1,62
17,1915-01-18,3,60
18,1915-01-19,1,61
36,1915-02-06,2,55
116,1915-04-26,2,84
257,1915-09-14,1,92
258,1915-09-15,0,94
259,1915-09-16,2,94
260,1915-09-17,0,91
352,1915-12-18,2,61
360,1915-12-26,2,60
21,1916-01-22,0,66
24,1916-01-25,0,59
25,1916-01-26,1,66
26,1916-01-27,1,62
27,1916-01-28,0,63
220,1916-08-08,2,95
235,1916-08-23,3,92
270,1916-09-27,3,86
281,1916-10-08,1,84
211,1917-07-30,1,98
212,1917-07-31,0,98
213,1917-08-01,2,98
214,1917-08-02,2,98
91,1918-04-01,0,76
92,1918-04-02,1,75
126,1918-05-06,1,88
127,1918-05-07,2,89
153,1918-06-02,1,92
204,1918-07-23,3,98
235,1918-08-23,1,93
302,1918-10-29,0,79
303,1918-10-30,0,78
348,1918-12-14,3,59
349,1918-12-15,2,63
63,1919-03-04,3,61
125,1919-05-05,1,86
134,1919-05-14,2,82
149,1919-05-29,2,93
154,1919-06-03,0,98
155,1919-06-04,3,91
156,1919-06-05,0,96
184,1919-07-03,1,99
185,1919-07-04,1,101
186,1919-07-05,0,101
284,1919-10-11,3,80
301,1919-10-28,1,81
83,1920-03-24,0,72
294,1920-10-21,0,82
295,1920-10-22,3,78
46,1921-02-16,2,59
65,1921-03-06,3,63
68,1921-03-09,3,68
79,1921-03-20,1,77
80,1921-03-21,0,83
99,1921-04-09,1,77
141,1921-05-21,0,93
142,1921-05-22,2,92
206,1921-07-25,2,95
288,1921-10-15,3,79
323,1921-11-19,2,72
85,1922-03-26,0,79
100,1922-04-10,0,85
276,1922-10-03,0,85
278,1922-10-05,0,87
94,1923-04-04,2,72
111,1923-04-21,1,87
155,1923-06-04,2,91
156,1923-06-05,3,95
170,1923-06-19,0,96
171,1923-06-20,3,96
172,1923-06-21,2,95
176,1923-06-25,3,94
216,1923-08-04,2,94
287,1923-10-14,0,81
347,1923-12-13,2,62
355,1923-12-21,3,60
10,1924-01-11,2,61
15,1924-01-16,3,55
219,1924-08-07,0,98
243,1924-08-31,3,94
311,1924-11-07,2,76
316,1924-11-12,2,71
342,1924-12-08,3,62
343,1924-12-09,1,64
37,1925-02-07,1,56
39,1925-02-09,1,59
41,1925-02-11,2,58
86,1925-03-27,3,72
154,1925-06-03,2,95
155,1925-06-04,0,96
156,1925-06-05,2,95
157,1925-06-06,0,100
158,1925-06-07,3,92
188,1925-07-07,3,95
203,1926-07-22,1,103
268,1926-09-25,0,89
320,1926-11-16,3,71
70,1927-03-11,3,65
71,1927-03-12,2,68
72,1927-03-13,3,68
73,1927-03-14,1,69
78,1927-03-19,3,68
109,1927-04-19,2,85
110,1927-04-20,2,89
194,1927-07-13,3,95
273,1927-09-30,2,83
274,1927-10-01,1,89
301,1927-10-28,0,81
306,1927-11-02,2,76
316,1927-11-12,1,72
320,1927-11-16,0,76
321,1927-11-17,1,73
334,1927-11-30,3,66
342,1927-12-08,0,65
83,1928-03-24,1,70
95,1928-04-05,0,84
96,1928-04-06,0,82
97,1928-04-07,2,76
216,1928-08-04,0,96
217,1928-08-05,3,95
228,1928-08-16,2,95
242,1928-08-30,2,93
285,1928-10-12,1,88
291,1928-10-18,3,79
320,1928-11-16,2,71
321,1928-11-17,0,76
351,1928-12-17,3,60
352,1928-12-18,1,61
5,1929-01-06,2,60
81,1929-03-22,3,69
98,1929-04-08,1,84
136,1929-05-16,3,85
148,1929-05-28,3,91
149,1929-05-29,1,94
150,1929-05-30,0,96
169,1929-06-18,0,94
245,1929-09-02,3,94
246,1929-09-03,0,97
293,1929-10-20,3,78
306,1929-11-02,1,77
6,1930-01-07,0,63
7,1930-01-08,1,64
50,1930-02-20,1,68
51,1930-02-21,2,62
54,1930-02-24,2,67
55,1930-02-25,1,65
104,1930-04-14,2,78
121,1930-05-01,1,85
122,1930-05-02,1,91
126,1930-05-06,0,90
127,1930-05-07,0,95
133,1930-05-13,2,85
155,1930-06-04,1,94
156,1930-06-05,1,95
215,1930-08-03,0,98
255,1930-09-12,3,89
259,1930-09-16,3,91
286,1930-10-13,0,87
326,1930-11-22,1,71
148,1931-05-28,1,92
149,1931-05-29,0,94
150,1931-05-30,2,91
171,1931-06-20,2,97
209,1931-07-28,1,97
210,1931-07-29,1,97
218,1931-08-06,0,97
253,1931-09-10,0,95
254,1931-09-11,2,95
257,1931-09-14,0,92
258,1931-09-15,3,90
265,1931-09-22,1,92
278,1931-10-05,3,84
298,1931-10-25,3,74
314,1931-11-10,0,78
317,1931-11-13,3,66
325,1931-11-21,0,74
326,1931-11-22,0,74
327,1931-11-23,0,77
328,1931-11-24,0,72
329,1931-11-25,1,68
6,1932-01-07,3,58
12,1932-01-13,0,63
13,1932-01-14,0,69
14,1932-01-15,1,65
29,1932-01-30,3,57
136,1932-05-16,0,93
145,1932-05-25,2,91
146,1932-05-26,2,93
336,1932-12-02,0,65
337,1932-12-03,1,65
341,1932-12-07,1,66
365,1932-12-31,0,65
16,1933-01-17,3,57
22,1933-01-23,3,59
32,1933-02-02,2,55
38,1933-02-08,0,66
140,1933-05-20,2,90
163,1933-06-12,2,95
180,1933-06-29,1,99
205,1933-07-24,0,98
210,1933-07-29,0,97
211,1933-07-30,0,98
270,1933-09-27,2,86
334,1933-11-30,2,67
24,1934-01-25,3,56
125,1934-05-05,2,84
75,1935-03-16,1,71
76,1935-03-17,2,66
117,1935-04-27,3,84
138,1936-05-18,1,91
144,1936-05-24,1,91
189,1936-07-08,2,98
294,1936-10-21,2,79
307,1936-11-03,2,75
8,1937-01-09,0,64
14,1937-01-15,2,63
151,1937-05-31,3,93
152,1937-06-01,1,95
189,1937-07-08,0,99
232,1937-08-20,0,98
233,1937-08-21,2,95
247,1937-09-04,2,93
82,1938-03-23,0,78
104,1938-04-14,1,79
118,1938-04-28,2,89
285,1938-10-12,3,83
290,1938-10-17,1,87
310,1938-11-06,3,73
311,1938-11-07,0,77
312,1938-11-08,0,74
9,1939-01-10,3,55
45,1939-02-15,0,61
50,1939-02-20,2,66
234,1939-08-22,3,92
258,1939-09-15,2,90
259,1939-09-16,0,96
283,1939-10-10,0,87
207,1940-07-26,3,95
326,1940-11-22,3,68
104,1941-04-14,3,77
110,1941-04-20,1,89
142,1941-05-22,1,92
143,1941-05-23,3,90
172,1941-06-21,3,94
173,1941-06-22,2,95
178,1941-06-27,1,96
183,1941-07-02,2,96
259,1941-09-16,1,94
323,1941-11-19,0,75
324,1941-11-20,3,71
1,1942-01-02,3,60
67,1942-03-08,3,65
120,1942-04-30,0,86
123,1942-05-03,2,85
133,1942-05-13,1,85
282,1942-10-09,1,82
53,1943-02-23,3,63
154,1943-06-03,1,96
176,1943-06-25,0,97
282,1943-10-09,3,81
26,1944-01-27,2,58
151,1944-05-31,0,96
179,1944-06-28,3,95
180,1944-06-29,3,95
217,1944-08-05,1,99
223,1944-08-11,0,99
224,1944-08-12,0,101
225,1944-08-13,0,100
226,1944-08-14,2,97
227,1944-08-15,0,98
228,1944-08-16,0,97
229,1944-08-17,0,97
280,1944-10-07,2,86
62,1945-03-03,0,61
74,1945-03-15,1,72
79,1945-03-20,0,79
86,1945-03-27,1,76
88,1945-03-29,0,86
91,1945-04-01,1,73
101,1945-04-11,3,73
102,1945-04-12,1,85
103,1945-04-13,2,83
104,1945-04-14,0,81
166,1945-06-15,2,96
181,1945-06-30,1,95
250,1945-09-07,1,95
251,1945-09-08,3,94
272,1945-09-29,1,87
292,1945-10-19,0,84
312,1945-11-08,2,73
313,1945-11-09,0,74
317,1945-11-13,2,66
44,1946-02-14,0,59
63,1946-03-04,1,62
66,1946-03-07,0,69
72,1946-03-13,1,73
73,1946-03-14,0,76
81,1946-03-22,2,70
85,1946-03-26,1,72
87,1946-03-28,3,77
88,1946-03-29,1,85
200,1946-07-19,3,96
262,1946-09-19,1,88
278,1946-10-05,2,84
279,1946-10-06,1,86
280,1946-10-07,1,86
300,1946-10-27,2,80
302,1946-10-29,3,75
303,1946-10-30,3,75
304,1946-10-31,0,81
330,1946-11-26,0,67
331,1946-11-27,1,67
347,1946-12-13,1,62
19,1947-01-20,1,58
27,1947-01-28,1,60
29,1947-01-30,2,59
30,1947-01-31,1,61
102,1947-04-12,2,75
133,1947-05-13,0,87
225,1947-08-13,1,99
226,1947-08-14,1,97
227,1947-08-15,3,96
235,1947-08-23,2,92
236,1947-08-24,0,96
237,1947-08-25,2,95
256,1947-09-13,3,88
288,1947-10-15,2,80
289,1947-10-16,3,83
290,1947-10-17,0,89
291,1947-10-18,0,82
293,1947-10-20,2,78
296,1947-10-23,0,84
300,1947-10-27,1,82
80,1948-03-21,3,67
81,1948-03-22,1,72
95,1948-04-05,3,72
96,1948-04-06,3,74
193,1948-07-12,1,96
237,1948-08-25,1,96
238,1948-08-26,0,99
239,1948-08-27,0,100
240,1948-08-28,0,99
256,1948-09-13,2,90
261,1948-09-18,3,88
310,1948-11-06,2,73
314,1948-11-10,3,71
7,1949-01-08,2,56
39,1949-02-09,2,58
43,1949-02-13,2,59
44,1949-02-14,3,57
49,1949-02-19,3,61
121,1949-05-01,2,82
125,1949-05-05,0,89
139,1949-05-19,2,90
172,1949-06-21,1,95
185,1949-07-04,2,100
208,1949-07-27,2,97
209,1949-07-28,0,99
210,1949-07-29,2,96
211,1949-07-30,2,97
220,1949-08-08,1,95
221,1949-08-09,0,99
222,1949-08-10,0,101
238,1949-08-26,3,96
239,1949-08-27,1,97
283,1949-10-10,2,86
285,1949-10-12,2,83
356,1949-12-22,2,61
357,1949-12-23,1,64
361,1949-12-27,0,61
362,1949-12-28,2,61
3,1950-01-04,0,64
4,1950-01-05,2,61
13,1950-01-14,3,63
25,1950-01-26,0,72
28,1950-01-29,1,62
94,1950-04-04,1,75
160,1950-06-09,3,93
276,1950-10-03,1,84
303,1950-10-30,2,75
306,1950-11-02,0,83
337,1950-12-03,3,63
338,1950-12-04,3,63
3,1951-01-04,3,60
18,1951-01-19,0,61
19,1951-01-20,0,60
20,1951-01-21,3,57
43,1951-02-13,0,66
56,1951-02-26,2,58
135,1951-05-15,2,89
136,1951-05-16,1,91
255,1951-09-12,2,90
339,1951-12-05,3,60
342,1951-12-08,1,64
177,1952-06-26,0,100
195,1952-07-14,1,98
204,1952-07-23,0,100
256,1952-09-13,1,90
272,1952-09-29,0,88
15,1953-01-16,1,57
37,1953-02-07,3,53
82,1953-03-23,3,69
157,1953-06-06,2,94
171,1953-06-20,0,98
177,1953-06-26,3,95
240,1953-08-28,3,96
241,1953-08-29,1,96
242,1953-08-30,1,98
243,1953-08-31,0,97
245,1953-09-02,0,100
322,1953-11-18,0,73
323,1953-11-19,1,72
324,1953-11-20,0,74
325,1953-11-21,1,70
329,1953-11-25,3,65
340,1953-12-06,3,64
341,1953-12-07,2,63
46,1954-02-16,3,56
111,1954-04-21,2,85
112,1954-04-22,3,83
195,1954-07-14,3,95
212,1954-07-31,2,95
274,1954-10-01,2,86
275,1954-10-02,0,88
284,1954-10-11,1,81
285,1954-10-12,0,90
286,1954-10-13,1,86
40,1955-02-10,3,57
100,1955-04-10,3,77
101,1955-04-11,1,78
124,1955-05-04,2,86
183,1955-07-02,1,96
186,1955-07-05,2,97
204,1955-07-23,2,98
213,1955-08-01,1,98
217,1955-08-05,0,100
232,1955-08-20,2,95
233,1955-08-21,0,97
234,1955-08-22,2,93
261,1955-09-18,0,90
284,1955-10-11,0,82
151,1956-05-31,2,93
164,1956-06-13,1,97
166,1956-06-15,1,96
289,1956-10-16,1,87
319,1956-11-15,1,71
56,1957-02-26,0,68
57,1957-02-27,0,64
111,1957-04-21,0,88
128,1957-05-08,3,85
129,1957-05-09,3,89
166,1957-06-15,3,95
201,1957-07-20,1,98
203,1957-07-22,3,95
215,1957-08-03,1,96
256,1957-09-13,0,93
333,1957-11-29,3,65
354,1957-12-20,0,63
355,1957-12-21,1,62
269,1958-09-26,2,89
290,1958-10-17,3,81
21,1959-01-22,2,62
140,1959-05-20,3,89
142,1959-05-22,0,93
147,1959-05-27,3,90
161,1959-06-10,0,96
227,1959-08-15,2,96
228,1959-08-16,1,96
232,1959-08-20,3,92
233,1959-08-21,1,95
267,1959-09-24,0,90
271,1959-09-28,3,83
272,1959-09-29,3,84
273,1959-09-30,1,85
277,1959-10-04,2,85
309,1959-11-05,3,73
310,1959-11-06,1,73
318,1959-11-14,3,70
347,1959-12-13,3,61
2,1960-01-03,3,57
41,1960-02-11,3,56
105,1960-04-15,3,78
125,1960-05-05,3,82
126,1960-05-06,3,83
49,1961-02-19,0,65
62,1961-03-03,3,60
134,1961-05-14,1,82
135,1961-05-15,3,88
164,1961-06-13,3,95
253,1961-09-10,3,92
254,1961-09-11,3,94
255,1961-09-12,0,93
269,1961-09-26,3,87
282,1961-10-09,2,81
291,1961-10-18,2,79
309,1961-11-05,2,76
14,1962-01-15,3,56
35,1962-02-05,3,61
89,1962-03-30,3,75
117,1962-04-27,1,91
139,1962-05-19,3,88
168,1962-06-17,3,92
84,1963-03-25,0,78
85,1963-03-26,3,71
92,1963-04-02,2,73
124,1963-05-04,3,85
177,1963-06-26,2,95
178,1963-06-27,3,95
182,1963-07-01,0,98
183,1963-07-02,0,98
207,1963-07-26,1,96
208,1963-07-27,1,97
209,1963-07-28,3,96
210,1963-07-29,3,94
262,1963-09-19,3,87
279,1963-10-06,2,85
280,1963-10-07,0,90
289,1963-10-16,2,83
292,1963-10-19,2,79
297,1963-10-24,1,76
298,1963-10-25,0,80
299,1963-10-26,0,84
300,1963-10-27,0,85
322,1963-11-18,1,71
333,1963-11-29,2,65
84,1964-03-25,3,72
108,1964-04-18,2,82
128,1964-05-08,0,87
143,1964-05-23,0,93
144,1964-05-24,0,93
181,1964-06-30,3,94
182,1964-07-01,2,97
317,1964-11-13,1,68
359,1964-12-25,3,60
264,1965-09-21,3,88
365,1965-12-31,2,63
0,1966-01-01,2,61
231,1966-08-19,2,92
315,1966-11-11,2,69
342,1966-12-08,2,63
343,1966-12-09,0,70
22,1967-01-23,1,62
23,1967-01-24,1,61
25,1967-01-26,2,60
45,1967-02-15,3,58
91,1967-04-01,2,72
92,1967-04-02,0,75
93,1967-04-03,3,73
167,1967-06-16,3,94
353,1967-12-19,3,56
182,1968-07-01,3,96
197,1968-07-16,2,98
275,1968-10-02,3,85
290,1968-10-17,2,82
107,1969-04-17,3,77
118,1969-04-28,3,83
137,1969-05-17,3,87
178,1969-06-27,2,95
236,1969-08-24,2,93
244,1969-09-01,1,95
293,1969-10-20,0,79
33,1970-02-03,1,58
130,1970-05-10,2,92
265,1970-09-22,2,91
266,1970-09-23,3,92
268,1970-09-25,3,88
75,1971-03-16,2,65
181,1971-06-30,2,94
247,1971-09-04,3,91
248,1971-09-05,2,92
252,1971-09-09,2,91
275,1971-10-02,1,86
301,1971-10-28,3,77
305,1971-11-01,3,76
345,1971-12-11,2,64
350,1971-12-16,0,64
9,1972-01-10,2,55
24,1972-01-25,2,56
60,1972-03-01,2,62
260,1972-09-17,3,88
0,1973-01-01,1,61
17,1973-01-18,1,61
18,1973-01-19,3,60
61,1973-03-02,3,60
67,1973-03-08,2,65
75,1973-03-16,3,64
112,1973-04-22,2,84
162,1973-06-11,1,97
163,1973-06-12,0,96
189,1973-07-08,3,96
190,1973-07-09,3,95
222,1973-08-10,1,96
242,1973-08-30,0,99
246,1973-09-03,2,94
247,1973-09-04,0,94
318,1973-11-14,2,71
339,1973-12-05,2,63
355,1973-12-21,2,61
360,1973-12-26,1,60
26,1974-01-27,0,63
63,1974-03-04,0,70
66,1974-03-07,1,68
93,1974-04-03,2,73
94,1974-04-04,3,71
119,1974-04-29,0,85
137,1974-05-17,2,89
305,1974-11-01,0,77
10,1975-01-11,1,62
11,1975-01-12,2,61
140,1975-05-20,1,90
141,1975-05-21,3,89
174,1975-06-23,2,94
175,1975-06-24,3,94
212,1975-07-31,1,95
213,1975-08-01,0,98
214,1975-08-02,0,102
302,1975-10-29,2,75
307,1975-11-03,3,74
308,1975-11-04,3,74
311,1975-11-07,1,76
313,1975-11-09,1,73
325,1975-11-21,2,68
335,1975-12-01,3,65
349,1975-12-15,0,66
27,1976-01-28,3,56
52,1976-02-22,3,59
57,1976-02-27,1,63
58,1976-02-28,0,63
59,1976-02-29,2,58
64,1976-03-05,1,67
105,1976-04-15,2,78
106,1976-04-16,3,82
107,1976-04-17,2,82
108,1976-04-18,0,94
110,1976-04-20,0,89
126,1976-05-06,2,83
159,1976-06-08,3,93
161,1976-06-10,3,93
167,1976-06-16,2,94
175,1976-06-24,1,95
331,1976-11-27,3,66
69,1977-03-10,1,70
70,1977-03-11,2,65
89,1977-03-30,0,81
102,1977-04-12,0,85
103,1977-04-13,0,86
111,1977-04-21,3,82
112,1977-04-22,0,88
137,1977-05-17,1,92
144,1977-05-24,3,90
198,1977-07-17,1,98
200,1977-07-19,2,98
202,1977-07-21,0,102
241,1977-08-29,2,95
8,1978-01-09,3,58
204,1978-07-23,1,99
264,1978-09-21,2,88
295,1978-10-22,2,78
296,1978-10-23,3,78
1,1979-01-02,2,61
7,1979-01-08,3,55
64,1979-03-05,2,66
82,1979-03-23,2,72
129,1979-05-09,0,95
130,1979-05-10,0,94
167,1979-06-16,1,95
294,1979-10-21,1,80
295,1979-10-22,0,83
327,1979-11-23,3,69
328,1979-11-24,1,70
329,1979-11-25,0,70
330,1979-11-26,2,66
345,1979-12-11,3,63
346,1979-12-12,0,68
176,1980-06-25,1,96
197,1980-07-16,1,98
201,1980-07-20,3,97
202,1980-07-21,2,99
218,1980-08-06,2,93
220,1980-08-08,3,94
221,1980-08-09,3,94
244,1980-09-01,3,93
245,1980-09-02,1,96
265,1980-09-22,3,90
32,1981-02-02,3,54
41,1981-02-11,0,62
42,1981-02-12,3,57
47,1981-02-17,1,61
48,1981-02-18,0,66
49,1981-02-19,2,61
88,1981-03-29,2,77
108,1981-04-18,3,78
145,1981-05-25,1,91
189,1981-07-08,1,98
190,1981-07-09,0,99
115,1982-04-25,1,83
198,1982-07-17,3,97
199,1982-07-18,0,98
200,1982-07-19,1,98
305,1982-11-01,2,76
316,1982-11-12,3,70
336,1982-12-02,2,63
338,1982-12-04,0,70
340,1982-12-06,1,70
350,1982-12-16,2,61
360,1982-12-26,0,61
362,1982-12-28,0,63
363,1982-12-29,1,63
33,1983-02-03,3,57
119,1983-04-29,2,83
121,1983-05-01,3,81
173,1983-06-22,0,97
174,1983-06-23,1,94
185,1983-07-04,3,98
197,1983-07-16,0,99
220,1983-08-08,0,96
231,1983-08-19,1,92
232,1983-08-20,1,97
239,1983-08-27,3,95
249,1983-09-06,1,94
254,1983-09-11,0,99
262,1983-09-19,0,92
263,1983-09-20,0,97
277,1983-10-04,1,85
42,1984-02-12,2,58
120,1984-04-30,2,84
159,1984-06-08,0,97
160,1984-06-09,0,96
161,1984-06-10,2,95
162,1984-06-11,0,98
164,1984-06-13,0,98
195,1984-07-14,2,96
196,1984-07-15,1,98
267,1984-09-24,2,85
293,1984-10-20,1,78
315,1984-11-11,3,68
347,1984-12-13,0,63
351,1984-12-17,1,62
363,1984-12-29,0,73
364,1984-12-30,0,63
54,1985-02-24,1,70
61,1985-03-02,2,60
120,1985-04-30,1,84
131,1985-05-11,3,89
263,1985-09-20,1,88
300,1985-10-27,3,77
324,1985-11-20,2,73
85,1986-03-26,2,71
89,1986-03-30,2,77
92,1986-04-02,3,72
139,1986-05-19,1,90
188,1986-07-07,2,95
273,1986-09-30,0,87
313,1986-11-09,2,72
337,1986-12-03,2,64
102,1987-04-12,3,72
150,1987-05-30,1,93
205,1987-07-24,1,95
206,1987-07-25,3,94
229,1987-08-17,2,96
230,1987-08-18,2,94
308,1987-11-04,0,78
322,1987-11-18,3,70
30,1988-01-31,3,58
31,1988-02-01,2,60
32,1988-02-02,1,55
83,1988-03-24,2,69
165,1988-06-14,1,94
166,1988-06-15,0,98
192,1988-07-11,1,99
224,1988-08-12,3,95
227,1988-08-15,1,96
362,1988-12-28,3,60
28,1989-01-29,3,53
31,1989-02-01,0,66
76,1989-03-17,1,66
87,1989-03-28,1,81
207,1989-07-26,0,96
303,1989-10-30,1,76
318,1989-11-14,1,71
17,1990-01-18,0,63
25,1990-01-26,3,57
39,1990-02-09,0,61
40,1990-02-10,0,60
52,1990-02-22,1,63
53,1990-02-23,2,65
70,1990-03-11,1,67
72,1990-03-13,0,73
74,1990-03-15,0,72
76,1990-03-17,0,70
117,1990-04-27,0,92
118,1990-04-28,1,90
279,1990-10-06,0,86
307,1990-11-03,0,76
308,1990-11-04,2,77
319,1990-11-15,3,70
320,1990-11-16,1,75
329,1990-11-25,2,65
332,1990-11-28,0,74
333,1990-11-29,0,69
352,1990-12-18,0,61
353,1990-12-19,2,60
356,1990-12-22,0,62
357,1990-12-23,0,67
358,1990-12-24,2,60
364,1990-12-30,2,59
33,1991-02-03,0,59
34,1991-02-04,0,64
35,1991-02-05,1,65
36,1991-02-06,3,54
52,1991-02-22,2,62
60,1991-03-01,1,63
61,1991-03-02,1,65
62,1991-03-03,2,60
87,1991-03-28,2,79
95,1991-04-05,1,75
96,1991-04-06,1,78
97,1991-04-07,1,86
98,1991-04-08,0,85
99,1991-04-09,0,85
132,1991-05-12,1,88
133,1991-05-13,3,84
136,1991-05-16,2,89
144,1991-05-24,2,90
145,1991-05-25,3,89
148,1991-05-28,2,91
179,1991-06-28,1,97
199,1991-07-18,2,97
201,1991-07-20,0,99
202,1991-07-21,1,99
260,1991-09-17,2,89
299,1991-10-26,1,75
323,1991-11-19,3,68
324,1991-11-20,1,73
143,1992-05-23,1,92
3,1993-01-04,2,61
4,1993-01-05,1,62
131,1993-05-11,0,91
165,1993-06-14,3,90
169,1993-06-18,2,92
188,1993-07-07,0,99
190,1993-07-09,2,96
191,1993-07-10,1,99
239,1993-08-27,2,96
240,1993-08-28,2,96
246,1993-09-03,3,93
258,1993-09-15,1,91
318,1993-11-14,0,71
319,1993-11-15,0,78
50,1994-02-20,3,62
117,1994-04-27,2,88
168,1994-06-17,1,94
170,1994-06-19,2,95
194,1994-07-13,2,95
308,1994-11-04,1,77
309,1994-11-05,0,79
338,1994-12-04,2,65
356,1994-12-22,1,61
13,1995-01-14,1,66
14,1995-01-15,0,66
15,1995-01-16,0,64
16,1995-01-17,2,57
67,1995-03-08,1,67
170,1995-06-19,1,95
195,1995-07-14,0,100
196,1995-07-15,0,98
213,1995-08-01,3,96
216,1995-08-04,1,94
233,1995-08-21,3,94
286,1995-10-13,2,83
287,1995-10-14,2,79
18,1996-01-19,2,60
26,1996-01-27,3,56
140,1996-05-20,0,91
141,1996-05-21,2,91
312,1996-11-08,1,73
352,1996-12-18,3,58
358,1996-12-24,1,61
49,1997-02-19,1,64
51,1997-02-21,3,61
52,1997-02-22,0,66
162,1997-06-11,2,93
173,1997-06-22,3,94
2,1998-01-03,2,60
86,1998-03-27,0,79
87,1998-03-28,0,85
89,1998-03-30,1,78
90,1998-03-31,0,89
149,1998-05-29,3,89
236,1998-08-24,3,92
270,1998-09-27,1,86
336,1998-12-02,1,63
338,1998-12-04,1,69
341,1998-12-07,0,76
23,1999-01-24,0,62
42,1999-02-12,1,58
77,1999-03-18,2,70
90,1999-03-31,2,72
98,1999-04-08,2,76
158,1999-06-07,0,97
186,1999-07-05,1,98
198,1999-07-17,0,98
199,1999-07-18,1,97
314,1999-11-10,2,72
327,1999-11-23,2,70
328,1999-11-24,2,68
2,2000-01-03,0,64
3,2000-01-04,1,63
9,2000-01-10,1,56
44,2000-02-14,2,57
57,2000-02-27,2,61
68,2000-03-09,2,72
75,2000-03-16,0,71
98,2000-04-08,3,75
127,2000-05-07,1,91
128,2000-05-08,2,86
168,2000-06-17,2,92
287,2000-10-14,1,80
351,2000-12-17,0,64
112,2001-04-22,1,85
114,2001-04-24,0,84
122,2001-05-02,0,91
123,2001-05-03,0,92
124,2001-05-04,0,90
132,2001-05-12,0,88
205,2001-07-24,3,94
206,2001-07-25,1,95
219,2001-08-07,3,93
221,2001-08-09,1,97
298,2001-10-25,1,76
330,2001-11-26,3,64
335,2001-12-01,0,71
339,2001-12-05,0,66
340,2001-12-06,0,72
341,2001-12-07,3,62
28,2002-01-29,0,65
56,2002-02-26,1,60
62,2002-03-03,1,60
73,2002-03-14,3,62
99,2002-04-09,3,72
107,2002-04-17,0,93
216,2002-08-04,3,93
225,2002-08-13,2,97
226,2002-08-14,0,101
228,2002-08-16,3,94
229,2002-08-17,1,96
230,2002-08-18,1,95
252,2002-09-09,3,90
275,2002-10-02,2,85
315,2002-11-11,1,69
354,2002-12-20,1,61
105,2003-04-15,1,81
106,2003-04-16,2,84
234,2003-08-22,1,93
305,2003-11-01,1,76
363,2003-12-29,3,58
59,2004-02-29,3,55
61,2004-03-02,0,66
109,2004-04-19,1,86
135,2004-05-15,1,89
160,2004-06-09,2,93
357,2004-12-23,3,61
13,2005-01-14,2,63
110,2005-04-20,3,87
176,2005-06-25,2,95
217,2005-08-05,2,97
225,2005-08-13,3,95
255,2005-09-12,1,91
17,2006-01-18,2,60
20,2006-01-21,1,60
90,2006-03-31,1,73
91,2006-04-01,3,70
170,2006-06-19,3,93
214,2006-08-02,1,98
321,2006-11-17,3,68
334,2006-11-30,0,69
335,2006-12-01,1,67
336,2006-12-02,3,62
4,2007-01-05,0,63
5,2007-01-06,0,69
73,2007-03-14,2,68
113,2007-04-23,0,86
145,2007-05-25,0,92
177,2007-06-26,1,95
178,2007-06-27,0,96
215,2007-08-03,3,95
237,2007-08-25,0,96
250,2007-09-07,2,94
251,2007-09-08,1,95
268,2007-09-25,2,88
269,2007-09-26,1,93
277,2007-10-04,0,86
295,2007-10-22,1,81
296,2007-10-23,2,78
7,2008-01-08,0,67
8,2008-01-09,1,62
48,2008-02-18,3,62
113,2008-04-23,2,84
158,2008-06-07,2,92
159,2008-06-08,2,93
160,2008-06-09,1,95
161,2008-06-10,1,95
319,2008-11-15,2,70
344,2008-12-10,3,63
349,2008-12-15,1,63
350,2008-12-16,1,61
362,2008-12-28,1,62
41,2009-02-11,1,58
115,2009-04-25,0,83
116,2009-04-26,0,87
118,2009-04-28,0,93
141,2009-05-21,1,92
230,2009-08-18,0,95
304,2009-10-31,3,73
337,2009-12-03,0,69
24,2010-01-25,1,57
76,2010-03-17,3,65
79,2010-03-20,3,72
93,2010-04-03,1,76
94,2010-04-04,0,77
95,2010-04-05,2,72
97,2010-04-07,0,90
146,2010-05-26,1,94
175,2010-06-24,2,94
187,2010-07-06,1,100
241,2010-08-29,3,94
243,2010-08-31,2,96
244,2010-09-01,2,94
245,2010-09-02,2,95
267,2010-09-24,3,84
268,2010-09-25,1,88
299,2010-10-26,3,73
301,2010-10-28,2,78
47,2011-02-17,2,60
77,2011-03-18,1,70
192,2011-07-11,3,93
193,2011-07-12,3,95
203,2011-07-22,0,103
281,2011-10-08,3,82
282,2011-10-09,0,87
283,2011-10-10,3,85
332,2011-11-28,3,67
333,2011-11-29,1,66
339,2011-12-05,1,63
6,2012-01-07,2,60
31,2012-02-01,3,59
67,2012-03-08,0,68
71,2012-03-12,0,71
72,2012-03-13,2,71
77,2012-03-18,0,74
78,2012-03-19,0,74
80,2012-03-21,1,78
81,2012-03-22,0,83
82,2012-03-23,1,76
106,2012-04-16,0,87
107,2012-04-17,1,84
171,2012-06-20,1,97
172,2012-06-21,0,96
173,2012-06-22,1,95
198,2012-07-17,2,97
29,2013-01-30,1,60
30,2013-01-31,2,60
99,2013-04-09,2,73
151,2013-05-31,1,94
152,2013-06-01,2,92
175,2013-06-24,0,95
186,2013-07-05,3,95
200,2013-07-19,0,99
254,2013-09-11,1,97
10,2014-01-11,3,59
32,2014-02-02,0,55
132,2014-05-12,3,85
248,2014-09-05,3,91
249,2014-09-06,2,92
271,2014-09-28,2,87
288,2014-10-15,1,81
328,2014-11-24,3,65
132,2015-05-12,2,87
250,2015-09-07,3,93
251,2015-09-08,0,96
252,2015-09-09,1,93
260,2015-09-17,1,89
272,2015-09-29,2,84
302,2015-10-29,1,75
309,2015-11-05,1,76
310,2015-11-06,0,73
356,2015-12-22,3,60
358,2015-12-24,0,69
359,2015-12-25,1,62
9,2016-01-10,0,58
31,2016-02-01,1,65
33,2016-02-03,2,57
34,2016-02-04,2,56
55,2016-02-25,2,62
58,2016-02-28,3,58
59,2016-02-29,0,64
68,2016-03-09,0,77
69,2016-03-10,3,66
90,2016-03-31,3,71
148,2016-05-28,0,92
196,2016-07-15,2,96
203,2016-07-22,2,98
223,2016-08-11,1,96
224,2016-08-12,1,98
226,2016-08-14,3,96
252,2016-09-09,0,93
257,2016-09-14,3,90
292,2016-10-19,1,81
361,2016-12-27,2,58
11,2017-01-12,1,61
12,2017-01-13,3,58
53,2017-02-23,1,68
54,2017-02-24,0,73
55,2017-02-25,0,69
60,2017-03-01,0,63
101,2017-04-11,0,84
106,2017-04-16,1,86
119,2017-04-29,1,84
137,2017-05-17,0,92
138,2017-05-18,0,95
139,2017-05-19,0,90
163,2017-06-12,1,95
164,2017-06-13,2,95
270,2017-09-27,0,86
294,2017-10-21,3,78
297,2017-10-24,2,75
307,2017-11-03,1,75
12,2018-01-13,1,61
50,2018-02-20,0,70
51,2018-02-21,0,72
58,2018-02-28,2,60
122,2018-05-02,2,89
123,2018-05-03,1,90
184,2018-07-03,3,98
214,2018-08-02,3,95
218,2018-08-06,1,96
219,2018-08-07,2,95
240,2018-08-28,1,97
241,2018-08-29,0,98
246,2018-09-03,1,96
248,2018-09-05,1,92
249,2018-09-06,0,97
283,2018-10-10,1,86
355,2018-12-21,0,65
23,2019-01-24,3,59
34,2019-02-04,1,63
35,2019-02-05,0,65
38,2019-02-08,2,57
74,2019-03-15,3,64
103,2019-04-13,3,75
187,2019-07-06,3,95
201,2019-07-20,2,97
202,2019-07-21,3,98
211,2019-07-30,3,96
231,2019-08-19,0,95
234,2019-08-22,0,93
266,2019-09-23,2,92
344,2019-12-10,2,63
348,2019-12-14,2,60
10,2020-01-11,0,70
11,2020-01-12,0,74
37,2020-02-07,0,56
54,2020-02-24,3,64
68,2020-03-09,1,72
69,2020-03-10,2,66
208,2020-07-27,3,95
222,2020-08-10,3,94
223,2020-08-11,3,94
311,2020-11-07,3,74
314,2020-11-10,1,75
315,2020-11-11,0,73
359,2020-12-25,2,60
70,2021-03-11,0,74
100,2021-04-10,2,78
143,2021-05-23,2,90
157,2021-06-06,1,94
158,2021-06-07,1,96
159,2021-06-08,1,95
179,2021-06-28,0,97
180,2021-06-29,0,99
181,2021-06-30,0,100
197,2021-07-16,3,95
224,2021-08-12,2,96
237,2021-08-25,3,94
238,2021-08-26,2,96
322,2021-11-18,2,70
345,2021-12-11,1,64
346,2021-12-12,3,62
350,2021-12-16,3,60
351,2021-12-17,2,60
42,2022-02-12,0,60
47,2022-02-17,0,61
48,2022-02-18,2,62
53,2022-02-23,0,69
65,2022-03-06,1,65
77,2022-03-18,3,68
